{
    "key": "group_605a1e80bc153",
    "title": "MailChimp Modal",
    "fields": [
        {
            "key": "field_605a1f5dcd9eb",
            "label": "Ecole",
            "name": "formulaire_ecole",
            "type": "acfe_code_editor",
            "instructions": "",
            "required": 0,
            "conditional_logic": 0,
            "wrapper": {
                "width": "",
                "class": "",
                "id": ""
            },
            "default_value": "",
            "placeholder": "",
            "mode": "text\/html",
            "lines": 1,
            "indent_unit": 4,
            "maxlength": "",
            "rows": "",
            "max_rows": ""
        },
        {
            "key": "field_6071712da6bc9",
            "label": "Etudiant",
            "name": "formulaire_etudiant",
            "type": "acfe_code_editor",
            "instructions": "",
            "required": 0,
            "conditional_logic": 0,
            "wrapper": {
                "width": "",
                "class": "",
                "id": ""
            },
            "default_value": "",
            "placeholder": "",
            "mode": "text\/html",
            "lines": 1,
            "indent_unit": 4,
            "maxlength": "",
            "rows": "",
            "max_rows": ""
        },
        {
            "key": "field_6071712ba6bc8",
            "label": "Entreprise",
            "name": "formulaire_entreprise",
            "type": "acfe_code_editor",
            "instructions": "",
            "required": 0,
            "conditional_logic": 0,
            "wrapper": {
                "width": "",
                "class": "",
                "id": ""
            },
            "default_value": "",
            "placeholder": "",
            "mode": "text\/html",
            "lines": 1,
            "indent_unit": 4,
            "maxlength": "",
            "rows": "",
            "max_rows": ""
        }
    ],
    "location": [
        [
            {
                "param": "options_page",
                "operator": "==",
                "value": "acf-options-mail-chimp"
            }
        ]
    ],
    "menu_order": 0,
    "position": "normal",
    "style": "default",
    "label_placement": "left",
    "instruction_placement": "label",
    "hide_on_screen": "",
    "active": true,
    "description": "",
    "acfe_display_title": "",
    "acfe_autosync": [
        "json"
    ],
    "acfe_form": 0,
    "acfe_meta": "",
    "acfe_note": "",
    "modified": 1618047316
}