
    {
        "key": "group_6070911c7f1d5",
        "title": "Banniere des evenments",
        "fields": [
            {
                "key": "field_607091307f397",
                "label": "Text",
                "name": "text",
                "type": "text",
                "instructions": "",
                "required": 0,
                "conditional_logic": 0,
                "wrapper": {
                    "width": "",
                    "class": "",
                    "id": ""
                },
                "default_value": "",
                "placeholder": "",
                "prepend": "",
                "append": "",
                "maxlength": ""
            }
        ],
        "location": [
            [
                {
                    "param": "options_page",
                    "operator": "==",
                    "value": "acf-options-banniere-des-evenements"
                }
            ]
        ],
        "menu_order": 0,
        "position": "normal",
        "style": "default",
        "label_placement": "left",
        "instruction_placement": "label",
        "hide_on_screen": "",
        "active": true,
        "description": "",
        "acfe_display_title": "",
        "acfe_autosync": [
            "json"
        ],
        "acfe_form": 0,
        "acfe_meta": "",
        "acfe_note": "",
        "modified": 1617990200
    }
