
    {
        "key": "group_604e4f5ac8de6",
        "title": "Tarification",
        "fields": [
            {
                "key": "field_604e53c4c2321",
                "label": "Tarif classique",
                "name": "tarif_classic",
                "type": "group",
                "instructions": "",
                "required": 0,
                "conditional_logic": 0,
                "wrapper": {
                    "width": "",
                    "class": "",
                    "id": ""
                },
                "layout": "block",
                "acfe_seamless_style": 0,
                "acfe_group_modal": 0,
                "sub_fields": [
                    {
                        "key": "field_604e546bb8dcb",
                        "label": "Titre",
                        "name": "title",
                        "type": "text",
                        "instructions": "",
                        "required": 0,
                        "conditional_logic": 0,
                        "wrapper": {
                            "width": "",
                            "class": "",
                            "id": ""
                        },
                        "default_value": "",
                        "placeholder": "",
                        "prepend": "",
                        "append": "",
                        "maxlength": ""
                    },
                    {
                        "key": "field_604e547cb8dcc",
                        "label": "Prix",
                        "name": "price",
                        "type": "number",
                        "instructions": "",
                        "required": 0,
                        "conditional_logic": 0,
                        "wrapper": {
                            "width": "",
                            "class": "",
                            "id": ""
                        },
                        "default_value": "",
                        "placeholder": "",
                        "prepend": "",
                        "append": "€",
                        "min": "",
                        "max": "",
                        "step": ""
                    },
                    {
                        "key": "field_604e54bcb8dcd",
                        "label": "Texte",
                        "name": "text",
                        "type": "textarea",
                        "instructions": "",
                        "required": 0,
                        "conditional_logic": 0,
                        "wrapper": {
                            "width": "",
                            "class": "",
                            "id": ""
                        },
                        "default_value": "",
                        "placeholder": "",
                        "maxlength": "",
                        "rows": "",
                        "new_lines": "",
                        "acfe_textarea_code": 0
                    },
                    {
                        "key": "field_604e54f9b8dce",
                        "label": "Lien",
                        "name": "link",
                        "type": "url",
                        "instructions": "",
                        "required": 0,
                        "conditional_logic": 0,
                        "wrapper": {
                            "width": "",
                            "class": "",
                            "id": ""
                        },
                        "default_value": "",
                        "placeholder": ""
                    },
                    {
                        "key": "field_6061af62f930f",
                        "label": "Promotion",
                        "name": "promotion",
                        "type": "group",
                        "instructions": "",
                        "required": 0,
                        "conditional_logic": 0,
                        "wrapper": {
                            "width": "",
                            "class": "",
                            "id": ""
                        },
                        "layout": "block",
                        "acfe_seamless_style": 0,
                        "acfe_group_modal": 0,
                        "sub_fields": [
                            {
                                "key": "field_604e551ab8dcf",
                                "label": "Reduction",
                                "name": "discount",
                                "type": "number",
                                "instructions": "",
                                "required": 0,
                                "conditional_logic": 0,
                                "wrapper": {
                                    "width": "",
                                    "class": "",
                                    "id": ""
                                },
                                "default_value": "",
                                "placeholder": "",
                                "prepend": "",
                                "append": "%",
                                "min": "",
                                "max": 100,
                                "step": ""
                            },
                            {
                                "key": "field_6061afb6f9310",
                                "label": "Lien",
                                "name": "link",
                                "type": "url",
                                "instructions": "",
                                "required": 0,
                                "conditional_logic": 0,
                                "wrapper": {
                                    "width": "",
                                    "class": "",
                                    "id": ""
                                },
                                "default_value": "",
                                "placeholder": ""
                            }
                        ]
                    }
                ]
            },
            {
                "key": "field_604e5571b8dd0",
                "label": "Tarif reduit",
                "name": "tarif_reduce",
                "type": "group",
                "instructions": "",
                "required": 0,
                "conditional_logic": 0,
                "wrapper": {
                    "width": "",
                    "class": "",
                    "id": ""
                },
                "layout": "block",
                "acfe_seamless_style": 0,
                "acfe_group_modal": 0,
                "sub_fields": [
                    {
                        "key": "field_604e5583b8dd1",
                        "label": "Title",
                        "name": "titre",
                        "type": "text",
                        "instructions": "",
                        "required": 0,
                        "conditional_logic": 0,
                        "wrapper": {
                            "width": "",
                            "class": "",
                            "id": ""
                        },
                        "default_value": "",
                        "placeholder": "",
                        "prepend": "",
                        "append": "",
                        "maxlength": ""
                    },
                    {
                        "key": "field_604e578132db8",
                        "label": "Prix",
                        "name": "price",
                        "type": "number",
                        "instructions": "",
                        "required": 0,
                        "conditional_logic": 0,
                        "wrapper": {
                            "width": "",
                            "class": "",
                            "id": ""
                        },
                        "default_value": "",
                        "placeholder": "",
                        "prepend": "",
                        "append": "€",
                        "min": "",
                        "max": "",
                        "step": ""
                    },
                    {
                        "key": "field_604e5590b8dd2",
                        "label": "Texte",
                        "name": "text",
                        "type": "textarea",
                        "instructions": "",
                        "required": 0,
                        "conditional_logic": 0,
                        "wrapper": {
                            "width": "",
                            "class": "",
                            "id": ""
                        },
                        "default_value": "",
                        "placeholder": "",
                        "maxlength": "",
                        "rows": "",
                        "new_lines": "",
                        "acfe_textarea_code": 0
                    },
                    {
                        "key": "field_604e55b5b8dd3",
                        "label": "Lien",
                        "name": "link",
                        "type": "page_link",
                        "instructions": "",
                        "required": 0,
                        "conditional_logic": 0,
                        "wrapper": {
                            "width": "",
                            "class": "",
                            "id": ""
                        },
                        "post_type": "",
                        "taxonomy": "",
                        "allow_null": 0,
                        "allow_archives": 1,
                        "multiple": 0
                    }
                ]
            },
            {
                "key": "field_604e5612b8dd7",
                "label": "Reduction de groupe",
                "name": "group_discount",
                "type": "wysiwyg",
                "instructions": "",
                "required": 0,
                "conditional_logic": 0,
                "wrapper": {
                    "width": "",
                    "class": "",
                    "id": ""
                },
                "default_value": "",
                "tabs": "all",
                "toolbar": "full",
                "media_upload": 1,
                "delay": 0
            },
            {
                "key": "field_604e55d5b8dd4",
                "label": "Avantages",
                "name": "advantages",
                "type": "group",
                "instructions": "",
                "required": 0,
                "conditional_logic": 0,
                "wrapper": {
                    "width": "",
                    "class": "",
                    "id": ""
                },
                "layout": "block",
                "acfe_seamless_style": 0,
                "acfe_group_modal": 0,
                "sub_fields": [
                    {
                        "key": "field_604e55e8b8dd5",
                        "label": "Titre",
                        "name": "title",
                        "type": "text",
                        "instructions": "",
                        "required": 0,
                        "conditional_logic": 0,
                        "wrapper": {
                            "width": "",
                            "class": "",
                            "id": ""
                        },
                        "default_value": "",
                        "placeholder": "",
                        "prepend": "",
                        "append": "",
                        "maxlength": ""
                    },
                    {
                        "key": "field_604e55f4b8dd6",
                        "label": "Texte",
                        "name": "text",
                        "type": "wysiwyg",
                        "instructions": "",
                        "required": 0,
                        "conditional_logic": 0,
                        "wrapper": {
                            "width": "",
                            "class": "",
                            "id": ""
                        },
                        "default_value": "",
                        "tabs": "all",
                        "toolbar": "full",
                        "media_upload": 1,
                        "delay": 0
                    }
                ]
            }
        ],
        "location": [
            [
                {
                    "param": "options_page",
                    "operator": "==",
                    "value": "acf-options-tarification"
                }
            ]
        ],
        "menu_order": 0,
        "position": "normal",
        "style": "default",
        "label_placement": "left",
        "instruction_placement": "label",
        "hide_on_screen": "",
        "active": true,
        "description": "",
        "acfe_display_title": "",
        "acfe_autosync": [
            "json"
        ],
        "acfe_form": 0,
        "acfe_meta": "",
        "acfe_note": "",
        "modified": 1617984172
    }
