
    {
        "key": "group_5ba67078385a0",
        "title": "Témoignage",
        "fields": [
            {
                "key": "field_604e5aedc4ad5",
                "label": "Rôle",
                "name": "role",
                "type": "textarea",
                "instructions": "",
                "required": 0,
                "conditional_logic": 0,
                "wrapper": {
                    "width": "",
                    "class": "",
                    "id": ""
                },
                "default_value": "",
                "placeholder": "",
                "maxlength": "",
                "rows": "",
                "new_lines": "",
                "acfe_textarea_code": 0
            },
            {
                "key": "field_5ba6719668b5f",
                "label": "Citation",
                "name": "quote",
                "type": "textarea",
                "instructions": "",
                "required": 0,
                "conditional_logic": 0,
                "wrapper": {
                    "width": "",
                    "class": "",
                    "id": ""
                },
                "default_value": "",
                "placeholder": "",
                "maxlength": "",
                "rows": "",
                "new_lines": "",
                "acfe_textarea_code": 0
            }
        ],
        "location": [
            [
                {
                    "param": "post_type",
                    "operator": "==",
                    "value": "testimonials"
                }
            ]
        ],
        "menu_order": 0,
        "position": "normal",
        "style": "default",
        "label_placement": "top",
        "instruction_placement": "label",
        "hide_on_screen": "",
        "active": true,
        "description": "",
        "acfe_display_title": "",
        "acfe_autosync": "",
        "acfe_form": 0,
        "acfe_meta": "",
        "acfe_note": ""
    }
