{
    "key": "group_604e35bdaa010",
    "title": "Programme - Sections",
    "fields": [
        {
            "key": "field_604e36091f43e",
            "label": "",
            "name": "sections",
            "type": "flexible_content",
            "instructions": "",
            "required": 0,
            "conditional_logic": 0,
            "wrapper": {
                "width": "",
                "class": "",
                "id": ""
            },
            "acfe_flexible_advanced": 0,
            "acfe_flexible_stylised_button": 0,
            "acfe_flexible_hide_empty_message": 0,
            "acfe_flexible_empty_message": "",
            "acfe_flexible_disable_ajax_title": 0,
            "acfe_flexible_layouts_thumbnails": 0,
            "acfe_flexible_layouts_settings": 0,
            "acfe_flexible_layouts_ajax": 0,
            "acfe_flexible_layouts_templates": 0,
            "acfe_flexible_layouts_previews": 0,
            "acfe_flexible_layouts_placeholder": 0,
            "acfe_flexible_title_edition": 0,
            "acfe_flexible_clone": 0,
            "acfe_flexible_copy_paste": 0,
            "acfe_flexible_toggle": 0,
            "acfe_flexible_close_button": 0,
            "acfe_flexible_remove_add_button": 0,
            "acfe_flexible_remove_duplicate_button": 0,
            "acfe_flexible_remove_delete_button": 0,
            "acfe_flexible_lock": 0,
            "acfe_flexible_modal": {
                "acfe_flexible_modal_enabled": false,
                "acfe_flexible_modal_title": false,
                "acfe_flexible_modal_col": "4",
                "acfe_flexible_modal_categories": false,
                "acfe_flexible_modal_size": "full"
            },
            "acfe_flexible_layouts_state": "",
            "acfe_flexible_layouts_remove_collapse": 0,
            "layouts": {
                "layout_604e3610e5563": {
                    "key": "layout_604e3610e5563",
                    "name": "program_steps",
                    "label": "Le programme sur 8 semaines",
                    "display": "block",
                    "sub_fields": [
                        {
                            "key": "field_604e36cc1f43f",
                            "label": "Titre",
                            "name": "title",
                            "type": "text",
                            "instructions": "",
                            "required": 0,
                            "conditional_logic": 0,
                            "wrapper": {
                                "width": "",
                                "class": "",
                                "id": ""
                            },
                            "default_value": "",
                            "placeholder": "",
                            "prepend": "",
                            "append": "",
                            "maxlength": ""
                        },
                        {
                            "key": "field_604e36d41f440",
                            "label": "Texte",
                            "name": "text",
                            "type": "wysiwyg",
                            "instructions": "",
                            "required": 0,
                            "conditional_logic": 0,
                            "wrapper": {
                                "width": "",
                                "class": "",
                                "id": ""
                            },
                            "default_value": "",
                            "tabs": "all",
                            "toolbar": "basic",
                            "media_upload": 1,
                            "delay": 0
                        },
                        {
                            "key": "field_604e36f31f441",
                            "label": "Image",
                            "name": "img",
                            "type": "image",
                            "instructions": "",
                            "required": 0,
                            "conditional_logic": 0,
                            "wrapper": {
                                "width": "",
                                "class": "",
                                "id": ""
                            },
                            "return_format": "array",
                            "preview_size": "medium",
                            "library": "all",
                            "min_width": "",
                            "min_height": "",
                            "min_size": "",
                            "max_width": "",
                            "max_height": "",
                            "max_size": "",
                            "mime_types": ""
                        },
                        {
                            "key": "field_604e37091f442",
                            "label": "Lien",
                            "name": "link",
                            "type": "link",
                            "instructions": "Fichier à télécharger",
                            "required": 0,
                            "conditional_logic": 0,
                            "wrapper": {
                                "width": "",
                                "class": "",
                                "id": ""
                            },
                            "return_format": "array"
                        }
                    ],
                    "min": "",
                    "max": "",
                    "acfe_flexible_thumbnail": false,
                    "acfe_flexible_category": false,
                    "acfe_flexible_render_template": false,
                    "acfe_flexible_render_style": false,
                    "acfe_flexible_render_script": false,
                    "acfe_flexible_settings": false,
                    "acfe_flexible_settings_size": "medium",
                    "acfe_flexible_modal_edit_size": false
                },
                "layout_604e37941f443": {
                    "key": "layout_604e37941f443",
                    "name": "program_details",
                    "label": "Detail du programme",
                    "display": "block",
                    "sub_fields": [
                        {
                            "key": "field_604e37c41f444",
                            "label": "Colonnes",
                            "name": "columns",
                            "type": "group",
                            "instructions": "",
                            "required": 0,
                            "conditional_logic": 0,
                            "wrapper": {
                                "width": "",
                                "class": "",
                                "id": ""
                            },
                            "layout": "table",
                            "sub_fields": [
                                {
                                    "key": "field_604e37df1f445",
                                    "label": "1",
                                    "name": "column_1",
                                    "type": "wysiwyg",
                                    "instructions": "",
                                    "required": 0,
                                    "conditional_logic": 0,
                                    "wrapper": {
                                        "width": "",
                                        "class": "",
                                        "id": ""
                                    },
                                    "default_value": "",
                                    "tabs": "all",
                                    "toolbar": "full",
                                    "media_upload": 1,
                                    "delay": 0
                                },
                                {
                                    "key": "field_604e37f41f446",
                                    "label": "2",
                                    "name": "column_2",
                                    "type": "wysiwyg",
                                    "instructions": "",
                                    "required": 0,
                                    "conditional_logic": 0,
                                    "wrapper": {
                                        "width": "",
                                        "class": "",
                                        "id": ""
                                    },
                                    "default_value": "",
                                    "tabs": "all",
                                    "toolbar": "full",
                                    "media_upload": 1,
                                    "delay": 0
                                }
                            ]
                        },
                        {
                            "key": "field_604e3971947fc",
                            "label": "Texte",
                            "name": "text",
                            "type": "text",
                            "instructions": "",
                            "required": 0,
                            "conditional_logic": 0,
                            "wrapper": {
                                "width": "",
                                "class": "",
                                "id": ""
                            },
                            "default_value": "",
                            "placeholder": "",
                            "prepend": "",
                            "append": "",
                            "maxlength": ""
                        },
                        {
                            "key": "field_604e397d947fd",
                            "label": "Carte",
                            "name": "card",
                            "type": "group",
                            "instructions": "",
                            "required": 0,
                            "conditional_logic": 0,
                            "wrapper": {
                                "width": "",
                                "class": "",
                                "id": ""
                            },
                            "layout": "block",
                            "sub_fields": [
                                {
                                    "key": "field_604e3993947fe",
                                    "label": "Titre",
                                    "name": "title",
                                    "type": "text",
                                    "instructions": "",
                                    "required": 0,
                                    "conditional_logic": 0,
                                    "wrapper": {
                                        "width": "",
                                        "class": "",
                                        "id": ""
                                    },
                                    "default_value": "",
                                    "placeholder": "",
                                    "prepend": "",
                                    "append": "",
                                    "maxlength": ""
                                },
                                {
                                    "key": "field_61485d0957873",
                                    "label": "Titre de section",
                                    "name": "section_title",
                                    "type": "text",
                                    "instructions": "",
                                    "required": 0,
                                    "conditional_logic": 0,
                                    "wrapper": {
                                        "width": "",
                                        "class": "",
                                        "id": ""
                                    },
                                    "default_value": "",
                                    "placeholder": "",
                                    "prepend": "",
                                    "append": "",
                                    "maxlength": ""
                                },
                                {
                                    "key": "field_604e39a6947ff",
                                    "label": "Texte",
                                    "name": "text",
                                    "type": "wysiwyg",
                                    "instructions": "",
                                    "required": 0,
                                    "conditional_logic": 0,
                                    "wrapper": {
                                        "width": "",
                                        "class": "",
                                        "id": ""
                                    },
                                    "default_value": "",
                                    "tabs": "all",
                                    "toolbar": "full",
                                    "media_upload": 1,
                                    "delay": 0
                                }
                            ]
                        }
                    ],
                    "min": "",
                    "max": "",
                    "acfe_flexible_thumbnail": false,
                    "acfe_flexible_category": false,
                    "acfe_flexible_render_template": false,
                    "acfe_flexible_render_style": false,
                    "acfe_flexible_render_script": false,
                    "acfe_flexible_settings": false,
                    "acfe_flexible_settings_size": "medium",
                    "acfe_flexible_modal_edit_size": false
                },
                "layout_604e39c994800": {
                    "key": "layout_604e39c994800",
                    "name": "liste_img",
                    "label": "Liste d'images",
                    "display": "block",
                    "sub_fields": [
                        {
                            "key": "field_604e39e494801",
                            "label": "",
                            "name": "items",
                            "type": "repeater",
                            "instructions": "",
                            "required": 0,
                            "conditional_logic": 0,
                            "wrapper": {
                                "width": "",
                                "class": "",
                                "id": ""
                            },
                            "collapsed": "",
                            "min": 2,
                            "max": 0,
                            "layout": "",
                            "button_label": "",
                            "sub_fields": [
                                {
                                    "key": "field_604e3a2194804",
                                    "label": "Image",
                                    "name": "img",
                                    "type": "image",
                                    "instructions": "",
                                    "required": 0,
                                    "conditional_logic": 0,
                                    "wrapper": {
                                        "width": "",
                                        "class": "",
                                        "id": ""
                                    },
                                    "uploader": "wp",
                                    "acfe_thumbnail": 0,
                                    "return_format": "url",
                                    "preview_size": "medium",
                                    "library": "all",
                                    "min_width": "",
                                    "min_height": "",
                                    "min_size": "",
                                    "max_width": "",
                                    "max_height": "",
                                    "max_size": "",
                                    "mime_types": ""
                                },
                                {
                                    "key": "field_604e3a0d94802",
                                    "label": "Titre",
                                    "name": "title",
                                    "type": "text",
                                    "instructions": "",
                                    "required": 0,
                                    "conditional_logic": 0,
                                    "wrapper": {
                                        "width": "",
                                        "class": "",
                                        "id": ""
                                    },
                                    "default_value": "",
                                    "placeholder": "",
                                    "prepend": "",
                                    "append": "",
                                    "maxlength": ""
                                },
                                {
                                    "key": "field_604e3a1694803",
                                    "label": "Texte",
                                    "name": "text",
                                    "type": "textarea",
                                    "instructions": "",
                                    "required": 0,
                                    "conditional_logic": 0,
                                    "wrapper": {
                                        "width": "",
                                        "class": "",
                                        "id": ""
                                    },
                                    "default_value": "",
                                    "placeholder": "",
                                    "maxlength": "",
                                    "rows": "",
                                    "new_lines": ""
                                }
                            ]
                        }
                    ],
                    "min": "",
                    "max": "",
                    "acfe_flexible_thumbnail": false,
                    "acfe_flexible_category": false,
                    "acfe_flexible_render_template": false,
                    "acfe_flexible_render_style": false,
                    "acfe_flexible_render_script": false,
                    "acfe_flexible_settings": false,
                    "acfe_flexible_settings_size": "medium",
                    "acfe_flexible_modal_edit_size": false
                },
                "layout_604e3a5494805": {
                    "key": "layout_604e3a5494805",
                    "name": "events",
                    "label": "Evenements ",
                    "display": "block",
                    "sub_fields": [
                        {
                            "key": "field_6054a85cb3d69",
                            "label": "Titre",
                            "name": "title",
                            "type": "text",
                            "instructions": "",
                            "required": 0,
                            "conditional_logic": 0,
                            "wrapper": {
                                "width": "",
                                "class": "",
                                "id": ""
                            },
                            "default_value": "",
                            "placeholder": "",
                            "prepend": "",
                            "append": "",
                            "maxlength": ""
                        }
                    ],
                    "min": "",
                    "max": "",
                    "acfe_flexible_thumbnail": false,
                    "acfe_flexible_category": false,
                    "acfe_flexible_render_template": false,
                    "acfe_flexible_render_style": false,
                    "acfe_flexible_render_script": false,
                    "acfe_flexible_settings": false,
                    "acfe_flexible_settings_size": "medium",
                    "acfe_flexible_modal_edit_size": false
                },
                "layout_604e3aa394806": {
                    "key": "layout_604e3aa394806",
                    "name": "liste_icons",
                    "label": "Liste d'icônes",
                    "display": "block",
                    "sub_fields": [
                        {
                            "key": "field_6054ad10f3ab0",
                            "label": "Titre",
                            "name": "title",
                            "type": "text",
                            "instructions": "",
                            "required": 0,
                            "conditional_logic": 0,
                            "wrapper": {
                                "width": "",
                                "class": "",
                                "id": ""
                            },
                            "default_value": "",
                            "placeholder": "",
                            "prepend": "",
                            "append": "",
                            "maxlength": ""
                        },
                        {
                            "key": "field_604e3aa394807",
                            "label": "",
                            "name": "items",
                            "type": "repeater",
                            "instructions": "",
                            "required": 0,
                            "conditional_logic": 0,
                            "wrapper": {
                                "width": "",
                                "class": "",
                                "id": ""
                            },
                            "collapsed": "",
                            "min": 2,
                            "max": 0,
                            "layout": "table",
                            "button_label": "",
                            "sub_fields": [
                                {
                                    "key": "field_604e3aa394808",
                                    "label": "Image",
                                    "name": "img",
                                    "type": "image",
                                    "instructions": "",
                                    "required": 0,
                                    "conditional_logic": 0,
                                    "wrapper": {
                                        "width": "",
                                        "class": "",
                                        "id": ""
                                    },
                                    "return_format": "array",
                                    "preview_size": "medium",
                                    "library": "all",
                                    "min_width": "",
                                    "min_height": "",
                                    "min_size": "",
                                    "max_width": "",
                                    "max_height": "",
                                    "max_size": "",
                                    "mime_types": ""
                                },
                                {
                                    "key": "field_604e3aa394809",
                                    "label": "Titre",
                                    "name": "title",
                                    "type": "text",
                                    "instructions": "",
                                    "required": 0,
                                    "conditional_logic": 0,
                                    "wrapper": {
                                        "width": "",
                                        "class": "",
                                        "id": ""
                                    },
                                    "default_value": "",
                                    "placeholder": "",
                                    "prepend": "",
                                    "append": "",
                                    "maxlength": ""
                                },
                                {
                                    "key": "field_604e3aa39480a",
                                    "label": "Texte",
                                    "name": "text",
                                    "type": "textarea",
                                    "instructions": "",
                                    "required": 0,
                                    "conditional_logic": 0,
                                    "wrapper": {
                                        "width": "",
                                        "class": "",
                                        "id": ""
                                    },
                                    "default_value": "",
                                    "placeholder": "",
                                    "maxlength": "",
                                    "rows": "",
                                    "new_lines": ""
                                }
                            ]
                        }
                    ],
                    "min": "",
                    "max": "",
                    "acfe_flexible_thumbnail": false,
                    "acfe_flexible_category": false,
                    "acfe_flexible_render_template": false,
                    "acfe_flexible_render_style": false,
                    "acfe_flexible_render_script": false,
                    "acfe_flexible_settings": false,
                    "acfe_flexible_settings_size": "medium",
                    "acfe_flexible_modal_edit_size": false
                },
                "layout_604e3acc9480b": {
                    "key": "layout_604e3acc9480b",
                    "name": "program_prices",
                    "label": "Tarifs",
                    "display": "block",
                    "sub_fields": [
                        {
                            "key": "field_604e3b579480d",
                            "label": "Titre",
                            "name": "title",
                            "type": "text",
                            "instructions": "",
                            "required": 0,
                            "conditional_logic": 0,
                            "wrapper": {
                                "width": "",
                                "class": "",
                                "id": ""
                            },
                            "default_value": "",
                            "placeholder": "",
                            "prepend": "",
                            "append": "",
                            "maxlength": ""
                        }
                    ],
                    "min": "",
                    "max": "",
                    "acfe_flexible_thumbnail": false,
                    "acfe_flexible_category": false,
                    "acfe_flexible_render_template": false,
                    "acfe_flexible_render_style": false,
                    "acfe_flexible_render_script": false,
                    "acfe_flexible_settings": false,
                    "acfe_flexible_settings_size": "medium",
                    "acfe_flexible_modal_edit_size": false
                },
                "layout_604e3b7a9480e": {
                    "key": "layout_604e3b7a9480e",
                    "name": "testimonials",
                    "label": "Temoignages",
                    "display": "block",
                    "sub_fields": [
                        {
                            "key": "field_604e3b899480f",
                            "label": "Titre",
                            "name": "title",
                            "type": "text",
                            "instructions": "",
                            "required": 0,
                            "conditional_logic": 0,
                            "wrapper": {
                                "width": "",
                                "class": "",
                                "id": ""
                            },
                            "default_value": "",
                            "placeholder": "",
                            "prepend": "",
                            "append": "",
                            "maxlength": ""
                        }
                    ],
                    "min": "",
                    "max": "",
                    "acfe_flexible_thumbnail": false,
                    "acfe_flexible_category": false,
                    "acfe_flexible_render_template": false,
                    "acfe_flexible_render_style": false,
                    "acfe_flexible_render_script": false,
                    "acfe_flexible_settings": false,
                    "acfe_flexible_settings_size": "medium",
                    "acfe_flexible_modal_edit_size": false
                },
                "layout_604e3bcb94810": {
                    "key": "layout_604e3bcb94810",
                    "name": "program_faq",
                    "label": "FAQ",
                    "display": "block",
                    "sub_fields": [
                        {
                            "key": "field_604e3bd794811",
                            "label": "Titre",
                            "name": "title",
                            "type": "text",
                            "instructions": "",
                            "required": 0,
                            "conditional_logic": 0,
                            "wrapper": {
                                "width": "",
                                "class": "",
                                "id": ""
                            },
                            "default_value": "",
                            "placeholder": "",
                            "prepend": "",
                            "append": "",
                            "maxlength": ""
                        },
                        {
                            "key": "field_604e3bea94812",
                            "label": "",
                            "name": "faq_sections",
                            "type": "repeater",
                            "instructions": "",
                            "required": 0,
                            "conditional_logic": 0,
                            "wrapper": {
                                "width": "",
                                "class": "",
                                "id": ""
                            },
                            "collapsed": "",
                            "min": 0,
                            "max": 0,
                            "layout": "block",
                            "button_label": "",
                            "sub_fields": [
                                {
                                    "key": "field_604e3c1b94813",
                                    "label": "Titre",
                                    "name": "faq_section_title",
                                    "type": "text",
                                    "instructions": "",
                                    "required": 0,
                                    "conditional_logic": 0,
                                    "wrapper": {
                                        "width": "",
                                        "class": "",
                                        "id": ""
                                    },
                                    "default_value": "",
                                    "placeholder": "",
                                    "prepend": "",
                                    "append": "",
                                    "maxlength": ""
                                },
                                {
                                    "key": "field_604e3c4094814",
                                    "label": "",
                                    "name": "faq_section_question",
                                    "type": "repeater",
                                    "instructions": "",
                                    "required": 0,
                                    "conditional_logic": 0,
                                    "wrapper": {
                                        "width": "",
                                        "class": "",
                                        "id": ""
                                    },
                                    "collapsed": "",
                                    "min": 0,
                                    "max": 0,
                                    "layout": "block",
                                    "button_label": "",
                                    "sub_fields": [
                                        {
                                            "key": "field_604e3c7494815",
                                            "label": "Question",
                                            "name": "faq_section_question",
                                            "type": "text",
                                            "instructions": "",
                                            "required": 0,
                                            "conditional_logic": 0,
                                            "wrapper": {
                                                "width": "",
                                                "class": "",
                                                "id": ""
                                            },
                                            "default_value": "",
                                            "placeholder": "",
                                            "prepend": "",
                                            "append": "",
                                            "maxlength": ""
                                        },
                                        {
                                            "key": "field_604e3c8f94816",
                                            "label": "Réponse",
                                            "name": "faq_section_answer",
                                            "type": "wysiwyg",
                                            "instructions": "",
                                            "required": 0,
                                            "conditional_logic": 0,
                                            "wrapper": {
                                                "width": "",
                                                "class": "",
                                                "id": ""
                                            },
                                            "default_value": "",
                                            "tabs": "all",
                                            "toolbar": "basic",
                                            "media_upload": 1,
                                            "delay": 0
                                        }
                                    ]
                                }
                            ]
                        }
                    ],
                    "min": "",
                    "max": "",
                    "acfe_flexible_thumbnail": false,
                    "acfe_flexible_category": false,
                    "acfe_flexible_render_template": false,
                    "acfe_flexible_render_style": false,
                    "acfe_flexible_render_script": false,
                    "acfe_flexible_settings": false,
                    "acfe_flexible_settings_size": "medium",
                    "acfe_flexible_modal_edit_size": false
                },
                "layout_6052345ce1883": {
                    "key": "layout_6052345ce1883",
                    "name": "texte",
                    "label": "Texte",
                    "display": "block",
                    "sub_fields": [
                        {
                            "key": "field_60523494e1884",
                            "label": "Titre",
                            "name": "titre",
                            "type": "text",
                            "instructions": "",
                            "required": 0,
                            "conditional_logic": 0,
                            "wrapper": {
                                "width": "",
                                "class": "",
                                "id": ""
                            },
                            "default_value": "",
                            "placeholder": "",
                            "prepend": "",
                            "append": "",
                            "maxlength": ""
                        },
                        {
                            "key": "field_605234a0e1885",
                            "label": "Texte",
                            "name": "texte",
                            "type": "wysiwyg",
                            "instructions": "",
                            "required": 0,
                            "conditional_logic": 0,
                            "wrapper": {
                                "width": "",
                                "class": "",
                                "id": ""
                            },
                            "default_value": "",
                            "tabs": "all",
                            "toolbar": "full",
                            "media_upload": 1,
                            "delay": 0
                        }
                    ],
                    "min": "",
                    "max": "",
                    "acfe_flexible_thumbnail": false,
                    "acfe_flexible_category": false,
                    "acfe_flexible_render_template": false,
                    "acfe_flexible_render_style": false,
                    "acfe_flexible_render_script": false,
                    "acfe_flexible_settings": false,
                    "acfe_flexible_settings_size": "medium",
                    "acfe_flexible_modal_edit_size": false
                },
                "layout_60523597d23c2": {
                    "key": "layout_60523597d23c2",
                    "name": "podcast",
                    "label": "podcast",
                    "display": "block",
                    "sub_fields": [
                        {
                            "key": "field_605235a6d23c3",
                            "label": "",
                            "name": "",
                            "type": "text",
                            "instructions": "",
                            "required": 0,
                            "conditional_logic": 0,
                            "wrapper": {
                                "width": "",
                                "class": "",
                                "id": ""
                            },
                            "default_value": "",
                            "placeholder": "",
                            "prepend": "",
                            "append": "",
                            "maxlength": ""
                        }
                    ],
                    "min": "",
                    "max": "",
                    "acfe_flexible_thumbnail": false,
                    "acfe_flexible_category": false,
                    "acfe_flexible_render_template": false,
                    "acfe_flexible_render_style": false,
                    "acfe_flexible_render_script": false,
                    "acfe_flexible_settings": false,
                    "acfe_flexible_settings_size": "medium",
                    "acfe_flexible_modal_edit_size": false
                },
                "layout_605235c7d23c4": {
                    "key": "layout_605235c7d23c4",
                    "name": "card",
                    "label": "card",
                    "display": "table",
                    "sub_fields": [
                        {
                            "key": "field_60523624d23c5",
                            "label": "Card1",
                            "name": "card1",
                            "type": "group",
                            "instructions": "",
                            "required": 0,
                            "conditional_logic": 0,
                            "wrapper": {
                                "width": "",
                                "class": "",
                                "id": ""
                            },
                            "layout": "block",
                            "sub_fields": [
                                {
                                    "key": "field_60523645d23c6",
                                    "label": "titre",
                                    "name": "titre",
                                    "type": "text",
                                    "instructions": "",
                                    "required": 0,
                                    "conditional_logic": 0,
                                    "wrapper": {
                                        "width": "",
                                        "class": "",
                                        "id": ""
                                    },
                                    "default_value": "",
                                    "placeholder": "",
                                    "prepend": "",
                                    "append": "",
                                    "maxlength": ""
                                },
                                {
                                    "key": "field_6052364bd23c7",
                                    "label": "text",
                                    "name": "text",
                                    "type": "wysiwyg",
                                    "instructions": "",
                                    "required": 0,
                                    "conditional_logic": 0,
                                    "wrapper": {
                                        "width": "",
                                        "class": "",
                                        "id": ""
                                    },
                                    "default_value": "",
                                    "tabs": "all",
                                    "toolbar": "basic",
                                    "media_upload": 0,
                                    "delay": 0
                                },
                                {
                                    "key": "field_6065a51315bff",
                                    "label": "Image",
                                    "name": "image",
                                    "type": "image",
                                    "instructions": "",
                                    "required": 0,
                                    "conditional_logic": 0,
                                    "wrapper": {
                                        "width": "",
                                        "class": "",
                                        "id": ""
                                    },
                                    "uploader": "wp",
                                    "acfe_thumbnail": 0,
                                    "return_format": "array",
                                    "preview_size": "medium",
                                    "library": "all",
                                    "min_width": "",
                                    "min_height": "",
                                    "min_size": "",
                                    "max_width": "",
                                    "max_height": "",
                                    "max_size": "",
                                    "mime_types": ""
                                }
                            ]
                        },
                        {
                            "key": "field_6052367ed23c9",
                            "label": "Card2",
                            "name": "card2",
                            "type": "group",
                            "instructions": "",
                            "required": 0,
                            "conditional_logic": 0,
                            "wrapper": {
                                "width": "",
                                "class": "",
                                "id": ""
                            },
                            "layout": "block",
                            "sub_fields": [
                                {
                                    "key": "field_6052367ed23ca",
                                    "label": "titre",
                                    "name": "titre",
                                    "type": "text",
                                    "instructions": "",
                                    "required": 0,
                                    "conditional_logic": 0,
                                    "wrapper": {
                                        "width": "",
                                        "class": "",
                                        "id": ""
                                    },
                                    "default_value": "",
                                    "placeholder": "",
                                    "prepend": "",
                                    "append": "",
                                    "maxlength": ""
                                },
                                {
                                    "key": "field_6052367ed23cb",
                                    "label": "text",
                                    "name": "text",
                                    "type": "wysiwyg",
                                    "instructions": "",
                                    "required": 0,
                                    "conditional_logic": 0,
                                    "wrapper": {
                                        "width": "",
                                        "class": "",
                                        "id": ""
                                    },
                                    "default_value": "",
                                    "tabs": "all",
                                    "toolbar": "basic",
                                    "media_upload": 0,
                                    "delay": 0
                                },
                                {
                                    "key": "field_6065a4fc15bfe",
                                    "label": "Image",
                                    "name": "image",
                                    "type": "image",
                                    "instructions": "",
                                    "required": 0,
                                    "conditional_logic": 0,
                                    "wrapper": {
                                        "width": "",
                                        "class": "",
                                        "id": ""
                                    },
                                    "uploader": "wp",
                                    "acfe_thumbnail": 0,
                                    "return_format": "array",
                                    "preview_size": "medium",
                                    "library": "all",
                                    "min_width": "",
                                    "min_height": "",
                                    "min_size": "",
                                    "max_width": "",
                                    "max_height": "",
                                    "max_size": "",
                                    "mime_types": ""
                                }
                            ]
                        },
                        {
                            "key": "field_6052368dd23cd",
                            "label": "Card3",
                            "name": "card3",
                            "type": "group",
                            "instructions": "",
                            "required": 0,
                            "conditional_logic": 0,
                            "wrapper": {
                                "width": "",
                                "class": "",
                                "id": ""
                            },
                            "layout": "block",
                            "sub_fields": [
                                {
                                    "key": "field_6052368dd23ce",
                                    "label": "titre",
                                    "name": "titre",
                                    "type": "text",
                                    "instructions": "",
                                    "required": 0,
                                    "conditional_logic": 0,
                                    "wrapper": {
                                        "width": "",
                                        "class": "",
                                        "id": ""
                                    },
                                    "default_value": "",
                                    "placeholder": "",
                                    "prepend": "",
                                    "append": "",
                                    "maxlength": ""
                                },
                                {
                                    "key": "field_6052368dd23cf",
                                    "label": "text",
                                    "name": "text",
                                    "type": "wysiwyg",
                                    "instructions": "",
                                    "required": 0,
                                    "conditional_logic": 0,
                                    "wrapper": {
                                        "width": "",
                                        "class": "",
                                        "id": ""
                                    },
                                    "default_value": "",
                                    "tabs": "all",
                                    "toolbar": "basic",
                                    "media_upload": 0,
                                    "delay": 0
                                },
                                {
                                    "key": "field_6052368dd23d0",
                                    "label": "image",
                                    "name": "image",
                                    "type": "image",
                                    "instructions": "",
                                    "required": 0,
                                    "conditional_logic": 0,
                                    "wrapper": {
                                        "width": "",
                                        "class": "",
                                        "id": ""
                                    },
                                    "return_format": "array",
                                    "preview_size": "medium",
                                    "library": "all",
                                    "min_width": "",
                                    "min_height": "",
                                    "min_size": "",
                                    "max_width": "",
                                    "max_height": "",
                                    "max_size": "",
                                    "mime_types": ""
                                }
                            ]
                        }
                    ],
                    "min": "",
                    "max": "",
                    "acfe_flexible_thumbnail": false,
                    "acfe_flexible_category": false,
                    "acfe_flexible_render_template": false,
                    "acfe_flexible_render_style": false,
                    "acfe_flexible_render_script": false,
                    "acfe_flexible_settings": false,
                    "acfe_flexible_settings_size": "medium",
                    "acfe_flexible_modal_edit_size": false
                },
                "layout_605236a9d23d1": {
                    "key": "layout_605236a9d23d1",
                    "name": "formidable",
                    "label": "Formidable",
                    "display": "block",
                    "sub_fields": [
                        {
                            "key": "field_60bf7528461b9",
                            "label": "title",
                            "name": "title",
                            "type": "text",
                            "instructions": "",
                            "required": 0,
                            "conditional_logic": 0,
                            "wrapper": {
                                "width": "",
                                "class": "",
                                "id": ""
                            },
                            "default_value": "",
                            "placeholder": "",
                            "prepend": "",
                            "append": "",
                            "maxlength": ""
                        },
                        {
                            "key": "field_605236d1d23d2",
                            "label": "titre",
                            "name": "titre",
                            "type": "wysiwyg",
                            "instructions": "",
                            "required": 0,
                            "conditional_logic": 0,
                            "wrapper": {
                                "width": "",
                                "class": "",
                                "id": ""
                            },
                            "default_value": "FORMIDABLE",
                            "tabs": "all",
                            "toolbar": "basic",
                            "media_upload": 1,
                            "delay": 0
                        },
                        {
                            "key": "field_60523717d23d3",
                            "label": "lien",
                            "name": "lien",
                            "type": "url",
                            "instructions": "",
                            "required": 0,
                            "conditional_logic": 0,
                            "wrapper": {
                                "width": "",
                                "class": "",
                                "id": ""
                            },
                            "default_value": "https:\/\/calendly.com\/victorjeoffre\/30min",
                            "placeholder": ""
                        }
                    ],
                    "min": "",
                    "max": "",
                    "acfe_flexible_thumbnail": false,
                    "acfe_flexible_category": false,
                    "acfe_flexible_render_template": false,
                    "acfe_flexible_render_style": false,
                    "acfe_flexible_render_script": false,
                    "acfe_flexible_settings": false,
                    "acfe_flexible_settings_size": "medium",
                    "acfe_flexible_modal_edit_size": false
                },
                "layout_605237a4d23d4": {
                    "key": "layout_605237a4d23d4",
                    "name": "thematique",
                    "label": "Thematique",
                    "display": "block",
                    "sub_fields": [
                        {
                            "key": "field_6058cc67c426a",
                            "label": "Titre",
                            "name": "them_title",
                            "type": "text",
                            "instructions": "",
                            "required": 0,
                            "conditional_logic": 0,
                            "wrapper": {
                                "width": "",
                                "class": "",
                                "id": ""
                            },
                            "default_value": "",
                            "placeholder": "",
                            "prepend": "",
                            "append": "",
                            "maxlength": ""
                        },
                        {
                            "key": "field_605237aed23d5",
                            "label": "",
                            "name": "items",
                            "type": "repeater",
                            "instructions": "",
                            "required": 0,
                            "conditional_logic": 0,
                            "wrapper": {
                                "width": "",
                                "class": "",
                                "id": ""
                            },
                            "collapsed": "",
                            "min": 0,
                            "max": 0,
                            "layout": "table",
                            "button_label": "",
                            "sub_fields": [
                                {
                                    "key": "field_605237bfd23d6",
                                    "label": "Titre",
                                    "name": "titre",
                                    "type": "text",
                                    "instructions": "",
                                    "required": 0,
                                    "conditional_logic": 0,
                                    "wrapper": {
                                        "width": "",
                                        "class": "",
                                        "id": ""
                                    },
                                    "default_value": "",
                                    "placeholder": "",
                                    "prepend": "",
                                    "append": "",
                                    "maxlength": ""
                                },
                                {
                                    "key": "field_605237c6d23d7",
                                    "label": "Image",
                                    "name": "image",
                                    "type": "image",
                                    "instructions": "",
                                    "required": 0,
                                    "conditional_logic": 0,
                                    "wrapper": {
                                        "width": "",
                                        "class": "",
                                        "id": ""
                                    },
                                    "return_format": "array",
                                    "preview_size": "medium",
                                    "library": "all",
                                    "min_width": "",
                                    "min_height": "",
                                    "min_size": "",
                                    "max_width": "",
                                    "max_height": "",
                                    "max_size": "",
                                    "mime_types": ""
                                },
                                {
                                    "key": "field_605237cfd23d8",
                                    "label": "Texte",
                                    "name": "texte",
                                    "type": "textarea",
                                    "instructions": "",
                                    "required": 0,
                                    "conditional_logic": 0,
                                    "wrapper": {
                                        "width": "",
                                        "class": "",
                                        "id": ""
                                    },
                                    "default_value": "",
                                    "placeholder": "",
                                    "maxlength": "",
                                    "rows": "",
                                    "new_lines": ""
                                }
                            ]
                        }
                    ],
                    "min": "",
                    "max": "",
                    "acfe_flexible_thumbnail": false,
                    "acfe_flexible_category": false,
                    "acfe_flexible_render_template": false,
                    "acfe_flexible_render_style": false,
                    "acfe_flexible_render_script": false,
                    "acfe_flexible_settings": false,
                    "acfe_flexible_settings_size": "medium",
                    "acfe_flexible_modal_edit_size": false
                }
            },
            "button_label": "Ajouter une section",
            "min": "",
            "max": "",
            "acfe_flexible_add_actions": [],
            "acfe_flexible_remove_button": [],
            "acfe_flexible_modal_edit": {
                "acfe_flexible_modal_edit_enabled": 0,
                "acfe_flexible_modal_edit_size": "large"
            },
            "acfe_flexible_async": []
        }
    ],
    "location": [
        [
            {
                "param": "page_template",
                "operator": "==",
                "value": "templates\/sections.php"
            },
            {
                "param": "page",
                "operator": "==",
                "value": "132"
            }
        ]
    ],
    "menu_order": 0,
    "position": "acf_after_title",
    "style": "seamless",
    "label_placement": "top",
    "instruction_placement": "label",
    "hide_on_screen": [
        "the_content",
        "excerpt",
        "discussion",
        "comments",
        "slug",
        "author"
    ],
    "active": true,
    "description": "",
    "show_in_rest": 0,
    "acfe_display_title": "",
    "acfe_autosync": [
        "json"
    ],
    "acfe_form": 0,
    "acfe_meta": "",
    "acfe_note": "",
    "modified": 1640178070
}